exp_name,model,train,test,in_acc,in_auc,in_eer,cross_acc,cross_auc,cross_eer
ru_ast_r01,ast,commonvoice-ru,mailabs-ru,0.9998232903339813,0.9999999063210817,0.00017670966601873123,0.6818050832805026,0.776737401474745,0.29116477436458993
ru_ast_r02,ast,commonvoice-ru,mailabs-ru,0.9997349355009719,0.9999998126421635,0.00017670966601873123,0.7173361765892455,0.804819407060122,0.2713964612990606
ru_ast_r03,ast,commonvoice-ru,mailabs-ru,0.9997349355009719,0.9999985948162271,0.00035341933203746247,0.6404818166099937,0.7469335885441917,0.318886519508962
ru_resnet18_r01,resnet18,commonvoice-ru,mailabs-ru,1.0,1.0,0.0,0.3126332776208864,0.18154395848515179,0.7156936199642672
ru_resnet18_r02,resnet18,commonvoice-ru,mailabs-ru,1.0,0.9999999999999999,0.0,0.36706818050832807,0.18357279220170522,0.7532130712927209
ru_resnet18_r03,resnet18,commonvoice-ru,mailabs-ru,1.0,1.0,0.0,0.4019653045933952,0.3688508433983614,0.5981787793210765
ru_resnet50_r01,resnet50,commonvoice-ru,mailabs-ru,1.0,1.0,0.0,0.4603481067373638,0.2673929197926742,0.6692409659385626
ru_resnet50_r02,resnet50,commonvoice-ru,mailabs-ru,1.0,1.0,0.0,0.4836032505331105,0.4274659087128097,0.5617543657426085
ru_resnet50_r03,resnet50,commonvoice-ru,mailabs-ru,1.0,1.0,0.0,0.43037865252723184,0.42216212758850435,0.5569707797821452
